Logistic Regression,Decision Tree,Random Forest,Support Vector Machine,Gradient Boosting
0.875891090289202,0.8529909639272345,0.869644517559545,0.8781083851894237,0.894308943089431
