Logistic Regression,Decision Tree,Random Forest,Support Vector Machine,Gradient Boosting
0.6866165918543583,0.5872522993283764,0.7056057888767995,0.6943584586037984,0.7250624767263143
